Workbook

Sheet बिक्री
A1: दुकान बिक्री रजिस्टर – अक्टूबर
A2: पीले = आप भरें, हरे = फॉर्मूला। Code डालते ही नाम/रेट अपने-आप आएगा।
A4: तारीख | B4: Code | C4: प्रोडक्ट | D4: कैटेगरी | E4: Qty | F4: रेट | G4: Amount | H4: Discount | I4: Net | J4: पेमेंट
A5: 46296 | B5: P06 | C5: =VLOOKUP(B5,प्रोडक्ट_लिस्ट!$A$5:$D$12,2,FALSE()) -> बिस्किट पैक | D5: =_xlfn.XLOOKUP(B5,प्रोडक्ट_लिस्ट!$A$5:$A$12,प्रोडक्ट_लिस्ट!$C$5:$C$12,"नहीं मिला") -> स्नैक्स | E5: 3 | F5: =VLOOKUP(B5,प्रोडक्ट_लिस्ट!$A$5:$D$12,4,FALSE()) -> 30 | G5: =E5*F5 -> 90 | H5: =IF(G5>=1000,ROUND(G5*5%,0),0) -> 0 | I5: =G5-H5 -> 90 | J5: उधार
A6: 46297 | B6: P01 | C6: =VLOOKUP(B6,प्रोडक्ट_लिस्ट!$A$5:$D$12,2,FALSE()) -> चावल 5kg | D6: =_xlfn.XLOOKUP(B6,प्रोडक्ट_लिस्ट!$A$5:$A$12,प्रोडक्ट_लिस्ट!$C$5:$C$12,"नहीं मिला") -> किराना | E6: 2 | F6: =VLOOKUP(B6,प्रोडक्ट_लिस्ट!$A$5:$D$12,4,FALSE()) -> 320 | G6: =E6*F6 -> 640 | H6: =IF(G6>=1000,ROUND(G6*5%,0),0) -> 0 | I6: =G6-H6 -> 640 | J6: Cash
A7: 46298 | B7: P06 | C7: =VLOOKUP(B7,प्रोडक्ट_लिस्ट!$A$5:$D$12,2,FALSE()) -> बिस्किट पैक | D7: =_xlfn.XLOOKUP(B7,प्रोडक्ट_लिस्ट!$A$5:$A$12,प्रोडक्ट_लिस्ट!$C$5:$C$12,"नहीं मिला") -> स्नैक्स | E7: 10 | F7: =VLOOKUP(B7,प्रोडक्ट_लिस्ट!$A$5:$D$12,4,FALSE()) -> 30 | G7: =E7*F7 -> 300 | H7: =IF(G7>=1000,ROUND(G7*5%,0),0) -> 0 | I7: =G7-H7 -> 300 | J7: Cash
A8: 46299 | B8: P04 | C8: =VLOOKUP(B8,प्रोडक्ट_लिस्ट!$A$5:$D$12,2,FALSE()) -> साबुन (4 पैक) | D8: =_xlfn.XLOOKUP(B8,प्रोडक्ट_लिस्ट!$A$5:$A$12,प्रोडक्ट_लिस्ट!$C$5:$C$12,"नहीं मिला") -> घरेलू | E8: 1 | F8: =VLOOKUP(B8,प्रोडक्ट_लिस्ट!$A$5:$D$12,4,FALSE()) -> 120 | G8: =E8*F8 -> 120 | H8: =IF(G8>=1000,ROUND(G8*5%,0),0) -> 0 | I8: =G8-H8 -> 120 | J8: Cash
A9: 46300 | B9: P07 | C9: =VLOOKUP(B9,प्रोडक्ट_लिस्ट!$A$5:$D$12,2,FALSE()) -> नमकीन 400g | D9: =_xlfn.XLOOKUP(B9,प्रोडक्ट_लिस्ट!$A$5:$A$12,प्रोडक्ट_लिस्ट!$C$5:$C$12,"नहीं मिला") -> स्नैक्स | E9: 7 | F9: =VLOOKUP(B9,प्रोडक्ट_लिस्ट!$A$5:$D$12,4,FALSE()) -> 85 | G9: =E9*F9 -> 595 | H9: =IF(G9>=1000,ROUND(G9*5%,0),0) -> 0 | I9: =G9-H9 -> 595 | J9: Cash
A10: 46301 | B10: P04 | C10: =VLOOKUP(B10,प्रोडक्ट_लिस्ट!$A$5:$D$12,2,FALSE()) -> साबुन (4 पैक) | D10: =_xlfn.XLOOKUP(B10,प्रोडक्ट_लिस्ट!$A$5:$A$12,प्रोडक्ट_लिस्ट!$C$5:$C$12,"नहीं मिला") -> घरेलू | E10: 2 | F10: =VLOOKUP(B10,प्रोडक्ट_लिस्ट!$A$5:$D$12,4,FALSE()) -> 120 | G10: =E10*F10 -> 240 | H10: =IF(G10>=1000,ROUND(G10*5%,0),0) -> 0 | I10: =G10-H10 -> 240 | J10: उधार
A11: 46302 | B11: P01 | C11: =VLOOKUP(B11,प्रोडक्ट_लिस्ट!$A$5:$D$12,2,FALSE()) -> चावल 5kg | D11: =_xlfn.XLOOKUP(B11,प्रोडक्ट_लिस्ट!$A$5:$A$12,प्रोडक्ट_लिस्ट!$C$5:$C$12,"नहीं मिला") -> किराना | E11: 10 | F11: =VLOOKUP(B11,प्रोडक्ट_लिस्ट!$A$5:$D$12,4,FALSE()) -> 320 | G11: =E11*F11 -> 3200 | H11: =IF(G11>=1000,ROUND(G11*5%,0),0) -> 160 | I11: =G11-H11 -> 3040 | J11: Cash
A12: 46303 | B12: P04 | C12: =VLOOKUP(B12,प्रोडक्ट_लिस्ट!$A$5:$D$12,2,FALSE()) -> साबुन (4 पैक) | D12: =_xlfn.XLOOKUP(B12,प्रोडक्ट_लिस्ट!$A$5:$A$12,प्रोडक्ट_लिस्ट!$C$5:$C$12,"नहीं मिला") -> घरेलू | E12: 11 | F12: =VLOOKUP(B12,प्रोडक्ट_लिस्ट!$A$5:$D$12,4,FALSE()) -> 120 | G12: =E12*F12 -> 1320 | H12: =IF(G12>=1000,ROUND(G12*5%,0),0) -> 66 | I12: =G12-H12 -> 1254 | J12: Cash
A13: 46304 | B13: P07 | C13: =VLOOKUP(B13,प्रोडक्ट_लिस्ट!$A$5:$D$12,2,FALSE()) -> नमकीन 400g | D13: =_xlfn.XLOOKUP(B13,प्रोडक्ट_लिस्ट!$A$5:$A$12,प्रोडक्ट_लिस्ट!$C$5:$C$12,"नहीं मिला") -> स्नैक्स | E13: 1 | F13: =VLOOKUP(B13,प्रोडक्ट_लिस्ट!$A$5:$D$12,4,FALSE()) -> 85 | G13: =E13*F13 -> 85 | H13: =IF(G13>=1000,ROUND(G13*5%,0),0) -> 0 | I13: =G13-H13 -> 85 | J13: UPI
A14: 46305 | B14: P01 | C14: =VLOOKUP(B14,प्रोडक्ट_लिस्ट!$A$5:$D$12,2,FALSE()) -> चावल 5kg | D14: =_xlfn.XLOOKUP(B14,प्रोडक्ट_लिस्ट!$A$5:$A$12,प्रोडक्ट_लिस्ट!$C$5:$C$12,"नहीं मिला") -> किराना | E14: 9 | F14: =VLOOKUP(B14,प्रोडक्ट_लिस्ट!$A$5:$D$12,4,FALSE()) -> 320 | G14: =E14*F14 -> 2880 | H14: =IF(G14>=1000,ROUND(G14*5%,0),0) -> 144 | I14: =G14-H14 -> 2736 | J14: UPI
A15: 46306 | B15: P05 | C15: =VLOOKUP(B15,प्रोडक्ट_लिस्ट!$A$5:$D$12,2,FALSE()) -> डिटर्जेंट 1kg | D15: =_xlfn.XLOOKUP(B15,प्रोडक्ट_लिस्ट!$A$5:$A$12,प्रोडक्ट_लिस्ट!$C$5:$C$12,"नहीं मिला") -> घरेलू | E15: 7 | F15: =VLOOKUP(B15,प्रोडक्ट_लिस्ट!$A$5:$D$12,4,FALSE()) -> 95 | G15: =E15*F15 -> 665 | H15: =IF(G15>=1000,ROUND(G15*5%,0),0) -> 0 | I15: =G15-H15 -> 665 | J15: UPI
A16: 46307 | B16: P02 | C16: =VLOOKUP(B16,प्रोडक्ट_लिस्ट!$A$5:$D$12,2,FALSE()) -> आटा 10kg | D16: =_xlfn.XLOOKUP(B16,प्रोडक्ट_लिस्ट!$A$5:$A$12,प्रोडक्ट_लिस्ट!$C$5:$C$12,"नहीं मिला") -> किराना | E16: 10 | F16: =VLOOKUP(B16,प्रोडक्ट_लिस्ट!$A$5:$D$12,4,FALSE()) -> 410 | G16: =E16*F16 -> 4100 | H16: =IF(G16>=1000,ROUND(G16*5%,0),0) -> 205 | I16: =G16-H16 -> 3895 | J16: UPI
... A24: 46315 | B24: P02 | C24: =VLOOKUP(B24,प्रोडक्ट_लिस्ट!$A$5:$D$12,2,FALSE()) -> आटा 10kg | D24: =_xlfn.XLOOKUP(B24,प्रोडक्ट_लिस्ट!$A$5:$A$12,प्रोडक्ट_लिस्ट!$C$5:$C$12,"नहीं मिला") -> किराना | E24: 10 | F24: =VLOOKUP(B24,प्रोडक्ट_लिस्ट!$A$5:$D$12,4,FALSE()) -> 410 | G24: =E24*F24 -> 4100 | H24: =IF(G24>=1000,ROUND(G24*5%,0),0) -> 205 | I24: =G24-H24 -> 3895 | J24: UPI
A25: कुल | E25: =SUM(E5:E24) -> 133 | G25: =SUM(G5:G24) -> 27155 | H25: =SUM(H5:H24) -> 1182 | I25: =SUM(I5:I24) -> 25973

Sheet सारांश
A1: बिक्री सारांश (SUMIF / COUNTIF / Pivot-जैसा)
A2: सारे आंकड़े बिक्री शीट से फॉर्मूलों द्वारा
A4: कुल Net बिक्री | B4: =SUM(बिक्री!I5:I24) -> 25973
A5: औसत बिल | B5: =ROUND(AVERAGE(बिक्री!I5:I24),2) -> 1298.65
A6: सबसे बड़ा बिल | B6: =MAX(बिक्री!I5:I24) -> 3895
A7: सबसे छोटा बिल | B7: =MIN(बिक्री!I5:I24) -> 60
A8: कुल एंट्री | B8: =COUNT(बिक्री!I5:I24) -> 20
A9: UPI वाले बिल | B9: =COUNTIF(बिक्री!J5:J24,"UPI") -> 9
A10: ₹1000+ वाले बिल | B10: =COUNTIF(बिक्री!G5:G24,">=1000") -> 8
A11: उधार की बिक्री | B11: =SUMIF(बिक्री!J5:J24,"उधार",बिक्री!I5:I24) -> 3287
A13: कैटेगरी | B13: Net बिक्री | C13: बिल संख्या | D13: UPI बिक्री
A14: किराना | B14: =SUMIF(बिक्री!$D$5:$D$24,A14,बिक्री!$I$5:$I$24) -> 22174 | C14: =COUNTIF(बिक्री!$D$5:$D$24,A14) -> 9 | D14: =SUMIFS(बिक्री!$I$5:$I$24,बिक्री!$D$5:$D$24,A14,बिक्री!$J$5:$J$24,"UPI") -> 15777
A15: घरेलू | B15: =SUMIF(बिक्री!$D$5:$D$24,A15,बिक्री!$I$5:$I$24) -> 2279 | C15: =COUNTIF(बिक्री!$D$5:$D$24,A15) -> 4 | D15: =SUMIFS(बिक्री!$I$5:$I$24,बिक्री!$D$5:$D$24,A15,बिक्री!$J$5:$J$24,"UPI") -> 665
A16: स्नैक्स | B16: =SUMIF(बिक्री!$D$5:$D$24,A16,बिक्री!$I$5:$I$24) -> 1520 | C16: =COUNTIF(बिक्री!$D$5:$D$24,A16) -> 7 | D16: =SUMIFS(बिक्री!$I$5:$I$24,बिक्री!$D$5:$D$24,A16,बिक्री!$J$5:$J$24,"UPI") -> 235
A17: कुल | B17: =SUM(B14:B16) -> 25973 | C17: =SUM(C14:C16) -> 20 | D17: =SUM(D14:D16) -> 16677
A19: किराना + UPI बिल (COUNTIFS) | B19: =COUNTIFS(बिक्री!D5:D24,"किराना",बिक्री!J5:J24,"UPI") -> 6
A20: P03 का रेट (INDEX+MATCH) | B20: =INDEX(प्रोडक्ट_लिस्ट!D5:D12,MATCH("P03",प्रोडक्ट_लिस्ट!A5:A12,0)) -> 165
A21: P99 का रेट (IFERROR) | B21: =IFERROR(VLOOKUP("P99",प्रोडक्ट_लिस्ट!A5:D12,4,FALSE()),"कोड ग़लत") -> कोड ग़लत

Sheet प्रोडक्ट_लिस्ट
A1: प्रोडक्ट मास्टर लिस्ट
A2: VLOOKUP / XLOOKUP यहीं से नाम और रेट उठाते हैं
A4: Code | B4: प्रोडक्ट | C4: कैटेगरी | D4: रेट (₹)
A5: P01 | B5: चावल 5kg | C5: किराना | D5: 320
A6: P02 | B6: आटा 10kg | C6: किराना | D6: 410
A7: P03 | B7: सरसों तेल 1L | C7: किराना | D7: 165
A8: P04 | B8: साबुन (4 पैक) | C8: घरेलू | D8: 120
A9: P05 | B9: डिटर्जेंट 1kg | C9: घरेलू | D9: 95
A10: P06 | B10: बिस्किट पैक | C10: स्नैक्स | D10: 30
A11: P07 | B11: नमकीन 400g | C11: स्नैक्स | D11: 85
A12: P08 | B12: चाय पत्ती 500g | C12: किराना | D12: 260

Sheet फॉर्मूला_लैब
A1: फॉर्मूला लैब – Text और Date फॉर्मूले
A2: कच्चा डेटा (पीला) → साफ़ डेटा (हरा)
A4: रेफ़रेंस तारीख | B4: 46311
A5: आज (TODAY) | B5: =TODAY() -> 46311
A7: नाम (कच्चा) | B7: मोबाइल | C7: दिन | D7: महीना | E7: साल | F7: साफ़ नाम | G7: मोबाइल फ़ॉर्मेट | H7: जन्म तारीख | I7: उम्र (साल) | J7: तारीख टेक्स्ट | K7: ग्राहक कोड | L7: योग्य?
A8: ramesh kumar | B8: 9876543210 | C8: 5 | D8: 3 | E8: 1998 | F8: =PROPER(TRIM(A8)) -> Ramesh Kumar | G8: =LEFT(B8,5)&"-"&RIGHT(B8,5) -> 98765-43210 | H8: =DATE(E8,D8,C8) -> 35859 | I8: =DATEDIF(H8,$B$4,"y") -> 28 | J8: =TEXT(H8,"DD MMM YYYY") -> 05 Mar 1998 | K8: =_xlfn.CONCAT("C-",UPPER(LEFT(TRIM(A8),2)),RIGHT(B8,4)) -> C-RA3210 | L8: =IF(AND(I8>=18,LEN(B8)=10),"हाँ","नहीं") -> हाँ
A9: SEEMA devi | B9: 9123456789 | C9: 21 | D9: 11 | E9: 2009 | F9: =PROPER(TRIM(A9)) -> Seema Devi | G9: =LEFT(B9,5)&"-"&RIGHT(B9,5) -> 91234-56789 | H9: =DATE(E9,D9,C9) -> 40138 | I9: =DATEDIF(H9,$B$4,"y") -> 16 | J9: =TEXT(H9,"DD MMM YYYY") -> 21 Nov 2009 | K9: =_xlfn.CONCAT("C-",UPPER(LEFT(TRIM(A9),2)),RIGHT(B9,4)) -> C-SE6789 | L9: =IF(AND(I9>=18,LEN(B9)=10),"हाँ","नहीं") -> नहीं
A10: anil sharma | B10: 98765 43210 | C10: 14 | D10: 7 | E10: 1985 | F10: =PROPER(TRIM(A10)) -> Anil Sharma | G10: =LEFT(B10,5)&"-"&RIGHT(B10,5) -> 98765-43210 | H10: =DATE(E10,D10,C10) -> 31242 | I10: =DATEDIF(H10,$B$4,"y") -> 41 | J10: =TEXT(H10,"DD MMM YYYY") -> 14 Jul 1985 | K10: =_xlfn.CONCAT("C-",UPPER(LEFT(TRIM(A10),2)),RIGHT(B10,4)) -> C-AN3210 | L10: =IF(AND(I10>=18,LEN(B10)=10),"हाँ","नहीं") -> नहीं
A11: geeta RANI | B11: 9988776655 | C11: 2 | D11: 1 | E11: 2004 | F11: =PROPER(TRIM(A11)) -> Geeta Rani | G11: =LEFT(B11,5)&"-"&RIGHT(B11,5) -> 99887-76655 | H11: =DATE(E11,D11,C11) -> 37988 | I11: =DATEDIF(H11,$B$4,"y") -> 22 | J11: =TEXT(H11,"DD MMM YYYY") -> 02 Jan 2004 | K11: =_xlfn.CONCAT("C-",UPPER(LEFT(TRIM(A11),2)),RIGHT(B11,4)) -> C-GE6655 | L11: =IF(AND(I11>=18,LEN(B11)=10),"हाँ","नहीं") -> हाँ
A12: mohd. irfan | B12: 9012345678 | C12: 30 | D12: 9 | E12: 1979 | F12: =PROPER(TRIM(A12)) -> Mohd. Irfan | G12: =LEFT(B12,5)&"-"&RIGHT(B12,5) -> 90123-45678 | H12: =DATE(E12,D12,C12) -> 29128 | I12: =DATEDIF(H12,$B$4,"y") -> 47 | J12: =TEXT(H12,"DD MMM YYYY") -> 30 Sep 1979 | K12: =_xlfn.CONCAT("C-",UPPER(LEFT(TRIM(A12),2)),RIGHT(B12,4)) -> C-MO5678 | L12: =IF(AND(I12>=18,LEN(B12)=10),"हाँ","नहीं") -> हाँ
