Workbook

Sheet उधार_खाता
A1: उधार खाता (Credit Ledger)
A2: हर लेन-देन एक लाइन में। बैलेंस अपने-आप चलता है।
A4: आज की तारीख | B4: 46315
A6: ग्राहक | B6: तारीख | C6: उधार दिया (₹) | D6: जमा मिला (₹) | E6: ग्राहक बैलेंस | F6: कितने दिन | G6: स्थिति
A7: रमेश | B7: 46267 | C7: 1200 | D7: 0 | E7: =SUMIF($A$7:A7,A7,$C$7:C7)-SUMIF($A$7:A7,A7,$D$7:D7) -> 1200 | F7: =$B$4-B7 -> 48 | G7: =IF(C7>0,IF(F7>30,"पुराना – याद दिलाएँ","ठीक"),"जमा") -> पुराना – याद दिलाएँ
A8: सीमा | B8: 46270 | C8: 850 | D8: 0 | E8: =SUMIF($A$7:A8,A8,$C$7:C8)-SUMIF($A$7:A8,A8,$D$7:D8) -> 850 | F8: =$B$4-B8 -> 45 | G8: =IF(C8>0,IF(F8>30,"पुराना – याद दिलाएँ","ठीक"),"जमा") -> पुराना – याद दिलाएँ
A9: रमेश | B9: 46277 | C9: 0 | D9: 500 | E9: =SUMIF($A$7:A9,A9,$C$7:C9)-SUMIF($A$7:A9,A9,$D$7:D9) -> 700 | F9: =$B$4-B9 -> 38 | G9: =IF(C9>0,IF(F9>30,"पुराना – याद दिलाएँ","ठीक"),"जमा") -> जमा
A10: अनिल | B10: 46280 | C10: 2300 | D10: 0 | E10: =SUMIF($A$7:A10,A10,$C$7:C10)-SUMIF($A$7:A10,A10,$D$7:D10) -> 2300 | F10: =$B$4-B10 -> 35 | G10: =IF(C10>0,IF(F10>30,"पुराना – याद दिलाएँ","ठीक"),"जमा") -> पुराना – याद दिलाएँ
A11: सीमा | B11: 46285 | C11: 0 | D11: 850 | E11: =SUMIF($A$7:A11,A11,$C$7:C11)-SUMIF($A$7:A11,A11,$D$7:D11) -> 0 | F11: =$B$4-B11 -> 30 | G11: =IF(C11>0,IF(F11>30,"पुराना – याद दिलाएँ","ठीक"),"जमा") -> जमा
A12: रमेश | B12: 46293 | C12: 640 | D12: 0 | E12: =SUMIF($A$7:A12,A12,$C$7:C12)-SUMIF($A$7:A12,A12,$D$7:D12) -> 1340 | F12: =$B$4-B12 -> 22 | G12: =IF(C12>0,IF(F12>30,"पुराना – याद दिलाएँ","ठीक"),"जमा") -> ठीक
A13: अनिल | B13: 46298 | C13: 0 | D13: 1000 | E13: =SUMIF($A$7:A13,A13,$C$7:C13)-SUMIF($A$7:A13,A13,$D$7:D13) -> 1300 | F13: =$B$4-B13 -> 17 | G13: =IF(C13>0,IF(F13>30,"पुराना – याद दिलाएँ","ठीक"),"जमा") -> जमा
A14: गीता | B14: 46301 | C14: 450 | D14: 0 | E14: =SUMIF($A$7:A14,A14,$C$7:C14)-SUMIF($A$7:A14,A14,$D$7:D14) -> 450 | F14: =$B$4-B14 -> 14 | G14: =IF(C14>0,IF(F14>30,"पुराना – याद दिलाएँ","ठीक"),"जमा") -> ठीक
A15: अनिल | B15: 46305 | C15: 300 | D15: 0 | E15: =SUMIF($A$7:A15,A15,$C$7:C15)-SUMIF($A$7:A15,A15,$D$7:D15) -> 1600 | F15: =$B$4-B15 -> 10 | G15: =IF(C15>0,IF(F15>30,"पुराना – याद दिलाएँ","ठीक"),"जमा") -> ठीक
A16: गीता | B16: 46309 | C16: 0 | D16: 200 | E16: =SUMIF($A$7:A16,A16,$C$7:C16)-SUMIF($A$7:A16,A16,$D$7:D16) -> 250 | F16: =$B$4-B16 -> 6 | G16: =IF(C16>0,IF(F16>30,"पुराना – याद दिलाएँ","ठीक"),"जमा") -> जमा
A17: कुल | C17: =SUM(C7:C16) -> 5740 | D17: =SUM(D7:D16) -> 2550 | E17: =C17-D17 -> 3190

Sheet ग्राहक_सारांश
A1: ग्राहक अनुसार बकाया
A2: SUMIF से हर ग्राहक का बचा हुआ पैसा
A4: ग्राहक | B4: कुल उधार | C4: कुल जमा | D4: बकाया
A5: रमेश | B5: =SUMIF(उधार_खाता!$A$7:$A$16,A5,उधार_खाता!$C$7:$C$16) -> 1840 | C5: =SUMIF(उधार_खाता!$A$7:$A$16,A5,उधार_खाता!$D$7:$D$16) -> 500 | D5: =B5-C5 -> 1340
A6: सीमा | B6: =SUMIF(उधार_खाता!$A$7:$A$16,A6,उधार_खाता!$C$7:$C$16) -> 850 | C6: =SUMIF(उधार_खाता!$A$7:$A$16,A6,उधार_खाता!$D$7:$D$16) -> 850 | D6: =B6-C6 -> 0
A7: अनिल | B7: =SUMIF(उधार_खाता!$A$7:$A$16,A7,उधार_खाता!$C$7:$C$16) -> 2600 | C7: =SUMIF(उधार_खाता!$A$7:$A$16,A7,उधार_खाता!$D$7:$D$16) -> 1000 | D7: =B7-C7 -> 1600
A8: गीता | B8: =SUMIF(उधार_खाता!$A$7:$A$16,A8,उधार_खाता!$C$7:$C$16) -> 450 | C8: =SUMIF(उधार_खाता!$A$7:$A$16,A8,उधार_खाता!$D$7:$D$16) -> 200 | D8: =B8-C8 -> 250
A9: कुल | B9: =SUM(B5:B8) -> 5740 | C9: =SUM(C5:C8) -> 2550 | D9: =SUM(D5:D8) -> 3190
