Workbook

Sheet Ledger
A1: Customer Credit Ledger (Tab / IOU book)
A2: Running balance per customer; dues older than 30 days turn red
A4: Today's date | B4: 46315
A6: Customer | B6: Date | C6: Credit Given | D6: Payment Received | E6: Customer Balance | F6: Days | G6: Status
A7: Maria | B7: 46267 | C7: 60 | D7: 0 | E7: =SUMIF($A$7:A7,A7,$C$7:C7)-SUMIF($A$7:A7,A7,$D$7:D7) | F7: =$B$4-B7 | G7: =IF(D7>0,"Paid",IF(F7>30,"Old - send reminder","OK"))
A8: John | B8: 46270 | C8: 42.5 | D8: 0 | E8: =SUMIF($A$7:A8,A8,$C$7:C8)-SUMIF($A$7:A8,A8,$D$7:D8) | F8: =$B$4-B8 | G8: =IF(D8>0,"Paid",IF(F8>30,"Old - send reminder","OK"))
A9: Maria | B9: 46277 | C9: 0 | D9: 25 | E9: =SUMIF($A$7:A9,A9,$C$7:C9)-SUMIF($A$7:A9,A9,$D$7:D9) | F9: =$B$4-B9 | G9: =IF(D9>0,"Paid",IF(F9>30,"Old - send reminder","OK"))
A10: Aisha | B10: 46280 | C10: 115 | D10: 0 | E10: =SUMIF($A$7:A10,A10,$C$7:C10)-SUMIF($A$7:A10,A10,$D$7:D10) | F10: =$B$4-B10 | G10: =IF(D10>0,"Paid",IF(F10>30,"Old - send reminder","OK"))
A11: John | B11: 46285 | C11: 0 | D11: 42.5 | E11: =SUMIF($A$7:A11,A11,$C$7:C11)-SUMIF($A$7:A11,A11,$D$7:D11) | F11: =$B$4-B11 | G11: =IF(D11>0,"Paid",IF(F11>30,"Old - send reminder","OK"))
A12: Maria | B12: 46293 | C12: 32 | D12: 0 | E12: =SUMIF($A$7:A12,A12,$C$7:C12)-SUMIF($A$7:A12,A12,$D$7:D12) | F12: =$B$4-B12 | G12: =IF(D12>0,"Paid",IF(F12>30,"Old - send reminder","OK"))
A13: David | B13: 46298 | C13: 22.5 | D13: 0 | E13: =SUMIF($A$7:A13,A13,$C$7:C13)-SUMIF($A$7:A13,A13,$D$7:D13) | F13: =$B$4-B13 | G13: =IF(D13>0,"Paid",IF(F13>30,"Old - send reminder","OK"))
A14: Aisha | B14: 46303 | C14: 0 | D14: 50 | E14: =SUMIF($A$7:A14,A14,$C$7:C14)-SUMIF($A$7:A14,A14,$D$7:D14) | F14: =$B$4-B14 | G14: =IF(D14>0,"Paid",IF(F14>30,"Old - send reminder","OK"))
A15: David | B15: 46307 | C15: 0 | D15: 10 | E15: =SUMIF($A$7:A15,A15,$C$7:C15)-SUMIF($A$7:A15,A15,$D$7:D15) | F15: =$B$4-B15 | G15: =IF(D15>0,"Paid",IF(F15>30,"Old - send reminder","OK"))
A16: Maria | B16: 46310 | C16: 0 | D16: 20 | E16: =SUMIF($A$7:A16,A16,$C$7:C16)-SUMIF($A$7:A16,A16,$D$7:D16) | F16: =$B$4-B16 | G16: =IF(D16>0,"Paid",IF(F16>30,"Old - send reminder","OK"))

Sheet Customer_Summary
A1: Customer Summary
A2: Total credit, total paid, balance due
A4: Customer | B4: Total Credit | C4: Total Paid | D4: Balance Due
A5: Maria | B5: =SUMIF(Ledger!$A$7:$A$40,A5,Ledger!$C$7:$C$40) | C5: =SUMIF(Ledger!$A$7:$A$40,A5,Ledger!$D$7:$D$40) | D5: =B5-C5
A6: John | B6: =SUMIF(Ledger!$A$7:$A$40,A6,Ledger!$C$7:$C$40) | C6: =SUMIF(Ledger!$A$7:$A$40,A6,Ledger!$D$7:$D$40) | D6: =B6-C6
A7: Aisha | B7: =SUMIF(Ledger!$A$7:$A$40,A7,Ledger!$C$7:$C$40) | C7: =SUMIF(Ledger!$A$7:$A$40,A7,Ledger!$D$7:$D$40) | D7: =B7-C7
A8: David | B8: =SUMIF(Ledger!$A$7:$A$40,A8,Ledger!$C$7:$C$40) | C8: =SUMIF(Ledger!$A$7:$A$40,A8,Ledger!$D$7:$D$40) | D8: =B8-C8
A9: Total | B9: =SUM(B5:B8) | C9: =SUM(C5:C8) | D9: =SUM(D5:D8)
